semesters,Spring,Fall,Summer,Winter,,,
courses,CS151,CS166,CS154,CS160,CS256,CS146,CS152
programs names,Master of Science,Master of Business Administration,Doctor of Philosophy,Master of Data Science,Master of Busniess Analytics,Master of CyberSecurity,
personal characteristics,very passionate,very enthusiastic,punctual,attentive,polite,,
academic characteristics,submitted well-written assignments,participated in all of my class activities,worked hard,was very well prepared for every exam and assignment,picked up new skills quickly,was able to excel academically at the top of my class,
gender,Male,Female,,,,,
